id,winner_model_a,winner_model_b,winner_tie
136060,0.13176426211084993,0.25844090010550647,0.6097948377836436
211333,0.30718163544605787,0.3653282749109889,0.3274900896429532
1233961,0.29710546256622816,0.3540473652763188,0.3488471721574531
